"Name","Agent","State","Notes","User","Tags","Created","Runtime","Sweep","batch_size","down_num","kf_i","lr","max_len","model_name","output_dir","up_num","AUC_Value_dev","AUC_Value_final_dev","AUC_Value_test","Accuracy_dev","Accuracy_final_dev","Accuracy_test","F_measure_dev","F_measure_final_dev","F_measure_test","Precision_dev","Precision_final_dev","Precision_test","Recall_dev","Recall_final_dev","Recall_test","acc_final_dev","acc_test","model_final_dev","model_save_dir","score_final_dev","score_test","tradeoff_final_dev","tradeoff_test"
"celestial-sweep-164","lt9lhzb6","crashed","-","tabchen","","2022-09-15T05:42:07.000Z","487","31xks6k8","32","2","0","0.00001","256","en_deberta_v3_large","model/task1/cv5","10","","","","","","","","","","","","","","","","","","","","","","",""
"fragrant-sweep-163","1wrbwr4p","crashed","-","tabchen","","2022-09-15T05:36:33.000Z","819","31xks6k8","32","4","0","0.000001","256","en_deberta_v3_large","model/task1/cv5","6","","","","","","","","","","","","","","","","","","","","","","",""
"silver-sweep-162","9hq4i1b2","crashed","-","tabchen","","2022-09-15T05:23:51.000Z","1582","31xks6k8","32","6","0","0.000005","256","en_deberta_v3_large","model/task1/cv5","6","","","","","","","","","","","","","","","","","","","","","","",""
"honest-sweep-161","lt9lhzb6","finished","-","tabchen","","2022-09-15T05:00:18.000Z","2501","31xks6k8","32","10","0","0.00001","256","en_deberta_v3_large","model/task1/cv5","6","0.7957","0.7953","0.787","0.8358","0.762","0.8386","0","0.4228","0","0","0.3078","0","0","0.6749","0","0.7524711135258718","0.7981800088455427","pred","model/task1/cv5/78876f8f-be76-4a8c-a3a3-0acadebd1f46/en_deberta_v3_large","1.1752711135258718","1.2646800088455428","0.19","0.19"
"crimson-sweep-160","1wrbwr4p","finished","-","tabchen","","2022-09-15T04:54:37.000Z","2508","31xks6k8","32","4","0","0.000001","256","en_deberta_v3_large","model/task1/cv5","10","0.7694","0.7761","0.7618","0.8358","0.8285","0.8386","0","0.4179","0","0","0.372","0","0","0.4766","0","0.8187813325727278","0.8369945940441366","pred","model/task1/cv5/eb497db1-b055-4a55-9e55-98b2cfa780ed/en_deberta_v3_large","1.2366813325727275","1.2664945940441366","0.25","0.25"
"still-sweep-159","9hq4i1b2","finished","-","tabchen","","2022-09-15T04:48:18.000Z","2128","31xks6k8","32","10","0","0.000005","256","en_deberta_large","model/task1/cv5","4","0.7995","0.7851","0.767","0.8365","0.7905","0.8382","0.0093","0.4116","0","1","0.3229","0","0.0047","0.5675","0","0.774630483311724","0.8151134145404146","pred","model/task1/cv5/c8fc17b6-3d38-46d7-a120-7e900d67aa2f/en_deberta_large","1.186230483311724","1.2640134145404147","0.19","0.19"
"dauntless-sweep-158","lt9lhzb6","finished","-","tabchen","","2022-09-15T04:16:27.000Z","2622","31xks6k8","32","2","0","0.00001","256","en_deberta_large","model/task1/cv5","4","0.79","0.7822","0.751","0.8358","0.794","0.8389","0","0.4062","0.0038","0","0.3235","1","0","0.5455","0.0019","0.7793480704775193","0.807966808572525","pred","model/task1/cv5/10d6adff-80ea-4ddb-8232-db14eb579aee/en_deberta_large","1.1855480704775192","1.2171668085725251","0.27","0.27"
"dutiful-sweep-157","1wrbwr4p","finished","-","tabchen","","2022-09-15T04:13:16.000Z","2473","31xks6k8","32","1","0","0.00001","256","en_deberta_v3_large","model/task1/cv5","6","0.8024","0.7923","0.7772","0.8365","0.7926","0.8395","0.0093","0.4211","0.0113","1","0.3292","1","0.0047","0.584","0.0057","0.7778127638327221","0.8136585897270108","pred","model/task1/cv5/82573a94-beff-4fc8-aa71-c8ae409f75a7/en_deberta_v3_large","1.1989127638327222","1.2658585897270107","0.2","0.2"
"smooth-sweep-156","9hq4i1b2","finished","-","tabchen","","2022-09-15T03:59:09.000Z","2944","31xks6k8","32","1","0","0.000001","256","en_deberta_v3_large","model/task1/cv5","2","0.7824","0.7735","0.7722","0.835","0.8328","0.8435","0.1429","0.411","0.193","0.4865","0.377","0.5755","0.0837","0.4518","0.116","0.8173134629621128","0.7947612729483771","pred","model/task1/cv5/599a1356-8fda-4152-a931-15f106368862/en_deberta_v3_large","1.2283134629621129","1.2417612729483771","0.27","0.27"
"dulcet-sweep-155","lt9lhzb6","finished","-","tabchen","","2022-09-15T03:32:27.000Z","2633","31xks6k8","32","10","0","0.00002","256","en_deberta_large","model/task1/cv5","6","0.7835","0.7789","0.7585","0.8312","0.8043","0.8401","0.1053","0.4235","0.1528","0.4062","0.3418","0.5281","0.0605","0.5565","0.0894","0.7909595078532125","0.8259371069921241","pred","model/task1/cv5/a3c4bbc2-d56f-4d25-898c-9bdd8bb101ce/en_deberta_large","1.2144595078532123","1.243137106992124","0.27","0.27"
"wobbly-sweep-154","1wrbwr4p","finished","-","tabchen","","2022-09-15T03:29:28.000Z","2623","31xks6k8","32","6","0","0.00001","256","en_deberta_large","model/task1/cv5","1","0.7784","0.77","0.766","0.835","0.8406","0.8389","0","0.3412","0.0113","0","0.3659","0.6","0","0.3196","0.0057","0.8202922599344965","0.7877580893635772","pred","model/task1/cv5/bf0aef08-388c-47cf-824e-297209d5aa7a/en_deberta_large","1.1614922599344966","1.1949580893635772","0.26","0.26"
"earthy-sweep-153","9hq4i1b2","finished","-","tabchen","","2022-09-15T03:25:25.000Z","2014","31xks6k8","32","4","0","0.00002","256","en_deberta_v3_large","model/task1/cv5","4","0.7476","0.7562","0.7396","0.8365","0.7837","0.8389","0.0093","0.3796","0.0187","1","0.3015","0.5556","0.0047","0.5124","0.0095","0.7735252893544518","0.8037901274285446","pred","model/task1/cv5/4d8029dc-654a-49fa-af1f-7c5bb0738e71/en_deberta_v3_large","1.1531252893544517","1.2230901274285446","0.2","0.2"
"zany-sweep-152","lt9lhzb6","finished","-","tabchen","","2022-09-15T02:48:43.000Z","2619","31xks6k8","32","2","0","0.000005","256","en_deberta_large","model/task1/cv5","1","0.7806","0.7646","0.7657","0.8358","0.8207","0.8425","0.1079","0.3668","0.1464","0.5","0.3372","0.5867","0.0605","0.4022","0.0837","0.8041821183255933","0.7933184130185698","pred","model/task1/cv5/3a714b9e-4ecf-4900-89c5-d43f46135305/en_deberta_large","1.1709821183255933","1.23171841301857","0.21","0.21"
"vibrant-sweep-151","1wrbwr4p","finished","-","tabchen","","2022-09-15T02:45:44.000Z","2618","31xks6k8","32","1","0","0.00001","256","en_deberta_large","model/task1/cv5","6","0.7754","0.7754","0.7598","0.8358","0.8321","0.8416","0.0693","0.3886","0.0719","0.5","0.3667","0.6667","0.0372","0.4132","0.038","0.8171920043973933","0.8467916748701414","pred","model/task1/cv5/450b966e-badc-4ef3-a378-7806a6352bbe/en_deberta_large","1.205792004397393","1.2089916748701417","0.24","0.24"
"iconic-sweep-150","9hq4i1b2","finished","-","tabchen","","2022-09-15T02:36:09.000Z","2946","31xks6k8","32","4","0","0.000005","256","en_deberta_v3_large","model/task1/cv5","6","0.797","0.7846","0.7754","0.8319","0.8374","0.8444","0.1406","0.4266","0.2188","0.439","0.3917","0.5772","0.0837","0.4683","0.135","0.8232550058133865","0.8500053831243174","pred","model/task1/cv5/bb66c6ae-cb58-4d83-8130-770ac24e36c9/en_deberta_v3_large","1.2498550058133864","1.2779053831243177","0.22","0.22"
"kind-sweep-149","lt9lhzb6","finished","-","tabchen","","2022-09-15T02:07:10.000Z","2487","31xks6k8","32","10","0","0.00002","256","en_deberta_v3_large","model/task1/cv5","1","0.7642","0.7619","0.7688","0.8365","0.8132","0.8392","0.0183","0.3831","0.0368","0.6667","0.334","0.5556","0.0093","0.449","0.019","0.7927963872157984","0.7885306829088584","pred","model/task1/cv5/7ee2fcdc-cb9e-4577-9fe8-3f10bcce5de6/en_deberta_v3_large","1.1758963872157984","1.2302306829088585","0.17","0.17"
"light-sweep-148","1wrbwr4p","finished","-","tabchen","","2022-09-15T02:04:13.000Z","2483","31xks6k8","32","6","0","0.00001","256","en_deberta_v3_large","model/task1/cv5","1","0.7884","0.7786","0.7662","0.8358","0.7994","0.8386","0","0.4174","0","0","0.3339","0","0","0.5565","0","0.785491520515287","0.7425153102013273","pred","model/task1/cv5/cddfeb6f-95c6-4fd2-985d-099edc4af6f2/en_deberta_v3_large","1.202891520515287","1.1718153102013271","0.17","0.17"
"driven-sweep-147","9hq4i1b2","finished","-","tabchen","","2022-09-15T01:54:46.000Z","2476","31xks6k8","32","1","0","0.00001","256","en_deberta_v3_large","model/task1/cv5","6","0.7941","0.7872","0.7713","0.838","0.8093","0.8352","0.209","0.4261","0.2115","0.5283","0.3485","0.4645","0.1302","0.5482","0.1369","0.7993143234560665","0.817632729049624","pred","model/task1/cv5/b052374d-5488-4cef-8d85-d988017612df/en_deberta_v3_large","1.2254143234560664","1.247732729049624","0.21","0.21"
"drawn-sweep-146","1wrbwr4p","finished","-","tabchen","","2022-09-15T01:28:48.000Z","2121","31xks6k8","32","6","0","0.00002","256","en_deberta_large","model/task1/cv5","1","0.7586","0.7461","0.7468","0.8358","0.8563","0.8386","0","0.2491","0","0","0.3829","0","0","0.1846","0","0.8345940083747722","0.8129652184121995","pred","model/task1/cv5/9864b178-d51e-4c0f-ad7b-1f56db1d68a8/en_deberta_large","1.083694008374772","1.1675652184121996","0.24","0.24"
"gentle-sweep-145","lt9lhzb6","finished","-","tabchen","","2022-09-15T01:25:40.000Z","2477","31xks6k8","32","2","0","0.000005","256","en_deberta_v3_large","model/task1/cv5","6","0.8081","0.7971","0.7782","0.8358","0.8296","0.8386","0","0.4385","0","0","0.3816","0","0","0.5152","0","0.8169520864914612","0.8420921285855809","pred","model/task1/cv5/358a8e6d-3eaf-4df1-be4e-fedba3e6d6bc/en_deberta_v3_large","1.2554520864914611","1.269692128585581","0.3","0.3"
"divine-sweep-144","9hq4i1b2","finished","-","tabchen","","2022-09-15T01:13:27.000Z","2475","31xks6k8","32","1","0","0.000005","256","en_deberta_v3_large","model/task1/cv5","6","0.7865","0.7916","0.7692","0.8358","0.8221","0.8386","0","0.4318","0","0","0.3675","0","0","0.5234","0","0.8110014830458416","0.8384910311107507","pred","model/task1/cv5/842b3833-333d-4580-927c-b3bd04b500a8/en_deberta_v3_large","1.2428014830458416","1.2666910311107509","0.3","0.3"
"leafy-sweep-143","1wrbwr4p","finished","-","tabchen","","2022-09-15T00:47:18.000Z","2485","31xks6k8","32","1","0","0.00001","256","en_deberta_v3_large","model/task1/cv5","1","0.7714","0.7687","0.7675","0.8358","0.8072","0.8386","0","0.4109","0","0","0.3393","0","0","0.5207","0","0.8008763068571543","0.7974507458465103","pred","model/task1/cv5/3f417a3c-e10a-4645-9b80-f9b3d3b21bef/en_deberta_v3_large","1.2117763068571543","1.1982507458465104","0.19","0.19"
"blooming-sweep-142","lt9lhzb6","finished","-","tabchen","","2022-09-15T00:25:26.000Z","3608","31xks6k8","32","1","0","0.000001","256","en_deberta_large","model/task1/cv5","2","0.7886","0.772","0.7595","0.8373","0.8598","0.8392","0.2082","0.2423","0.2362","0.5185","0.4013","0.5062","0.1302","0.1736","0.154","0.839937455259947","0.8383429657294418","pred","model/task1/cv5/edfc5e0f-048a-4c08-b218-bc6b8b7d8c15/en_deberta_large","1.082237455259947","1.2362429657294418","0.35","0.35"
"balmy-sweep-141","9hq4i1b2","finished","-","tabchen","","2022-09-15T00:21:28.000Z","3112","31xks6k8","32","2","0","0.000001","256","en_deberta_large","model/task1/cv5","6","0.7939","0.7847","0.7778","0.8296","0.8111","0.8444","0.1186","0.4345","0.1888","0.3947","0.3542","0.596","0.0698","0.562","0.1122","0.8029251061803286","0.827273181593965","pred","model/task1/cv5/e94013fd-ae17-4803-9310-34e3c1704e70/en_deberta_large","1.2374251061803283","1.267573181593965","0.24","0.24"
"firm-sweep-140","1wrbwr4p","finished","-","tabchen","","2022-09-15T00:03:29.000Z","2624","31xks6k8","32","2","0","0.00002","256","en_deberta_large","model/task1/cv5","6","0.7687","0.7681","0.7625","0.8358","0.8211","0.8386","0","0.3962","0","0","0.3511","0","0","0.4545","0","0.8036917044875607","0.8180209824048321","pred","model/task1/cv5/6b9a216a-4319-476a-813c-ee26e11aad3a/en_deberta_large","1.1998917044875608","1.217220982404832","0.32","0.32"
"clear-sweep-139","lt9lhzb6","finished","-","tabchen","","2022-09-14T23:33:13.000Z","3126","31xks6k8","32","2","0","0.00001","256","en_deberta_large","model/task1/cv5","10","0.7762","0.7522","0.7528","0.8365","0.8026","0.8425","0.1008","0.3854","0.1604","0.5217","0.3222","0.5765","0.0558","0.4793","0.0932","0.7878079857084804","0.8103998282838378","pred","model/task1/cv5/e1a3469f-682e-4eab-a2ad-75e040f03fa3/en_deberta_large","1.1732079857084805","1.2344998282838378","0.18","0.18"
"worldly-sweep-138","1wrbwr4p","finished","-","tabchen","","2022-09-14T23:27:23.000Z","2130","31xks6k8","32","6","0","0.00001","256","en_deberta_large","model/task1/cv5","6","0.7833","0.7787","0.7608","0.8358","0.7851","0.8379","0","0.3984","0","0","0.312","0","0","0.551","0","0.7791615778613092","0.803792324113939","pred","model/task1/cv5/9a2cc5ce-ad45-41df-b3d6-31cfe4bc02df/en_deberta_large","1.177561577861309","1.234292324113939","0.2","0.2"
"splendid-sweep-137","9hq4i1b2","finished","-","tabchen","","2022-09-14T23:21:07.000Z","3615","31xks6k8","32","10","0","0.000001","256","en_deberta_large","model/task1/cv5","10","0.7941","0.7775","0.7907","0.8205","0.8093","0.8392","0.3228","0.411","0.3747","0.4242","0.3419","0.5032","0.2605","0.5152","0.2985","0.8026722925293681","0.8367524527458571","pred","model/task1/cv5/f1b77269-7ae5-4051-a5bd-674080d8c2ae/en_deberta_large","1.213672292529368","1.284052452745857","0.34","0.34"
"toasty-sweep-136","lt9lhzb6","finished","-","tabchen","","2022-09-14T22:51:53.000Z","2475","31xks6k8","32","2","0","0.000005","256","en_deberta_v3_large","model/task1/cv5","4","0.791","0.8042","0.7859","0.835","0.8115","0.8392","0","0.4468","0.0113","0","0.3597","0.75","0","0.5895","0.0057","0.7975083704899274","0.8230426091868126","pred","model/task1/cv5/b7a416b8-63ea-40ff-9db9-491e80e66ab4/en_deberta_v3_large","1.2443083704899274","1.2781426091868129","0.25","0.25"
"grateful-sweep-135","9hq4i1b2","finished","-","tabchen","","2022-09-14T22:39:49.000Z","2472","31xks6k8","32","4","0","0.000005","256","en_deberta_v3_large","model/task1/cv5","1","0.7957","0.7823","0.7762","0.838","0.8349","0.8404","0.0275","0.3696","0.0406","1","0.3646","0.6875","0.014","0.3747","0.0209","0.8199806664459688","0.7990033225298742","pred","model/task1/cv5/a156225b-08eb-4c05-9c19-45418226f963/en_deberta_v3_large","1.1895806664459687","1.2006033225298742","0.26","0.26"
"peach-sweep-134","1wrbwr4p","finished","-","tabchen","","2022-09-14T22:38:00.000Z","2957","31xks6k8","32","1","0","0.000005","256","en_deberta_v3_large","model/task1/cv5","10","0.7799","0.7682","0.7718","0.8342","0.8083","0.8435","0.1686","0.3868","0.2202","0.4783","0.3295","0.5625","0.1023","0.4683","0.1369","0.7979206847600301","0.81114923153192","pred","model/task1/cv5/216bb6e9-ccc1-4b47-8997-ab2f3365c741/en_deberta_v3_large","1.18472068476003","1.25204923153192","0.24","0.24"
"pleasant-sweep-133","lt9lhzb6","finished","-","tabchen","","2022-09-14T22:08:15.000Z","2613","31xks6k8","32","4","0","0.00002","256","en_deberta_large","model/task1/cv5","1","0.7743","0.7439","0.7501","0.8358","0.8598","0.8398","0.0529","0.2964","0.0679","0.5","0.4213","0.5588","0.0279","0.2287","0.0361","0.8442387746942621","0.8149497994500308","pred","model/task1/cv5/69416b0e-cadd-4879-b67a-ac2a1bce19c1/en_deberta_large","1.140638774694262","1.1657497994500308","0.34","0.34"
"sweet-sweep-132","9hq4i1b2","finished","-","tabchen","","2022-09-14T21:55:54.000Z","2630","31xks6k8","32","10","0","0.00001","256","en_deberta_large","model/task1/cv5","10","0.791","0.7931","0.7807","0.8358","0.7535","0.8386","0","0.4277","0","0","0.3054","0","0","0.7135","0","0.7452301580089613","0.7745803958177432","pred","model/task1/cv5/fcdf298e-d622-437d-b7ba-a545ef4cbda1/en_deberta_large","1.1729301580089613","1.2295803958177431","0.18","0.18"
"ancient-sweep-131","1wrbwr4p","finished","-","tabchen","","2022-09-14T21:37:40.000Z","3615","31xks6k8","32","1","0","0.000001","256","en_deberta_large","model/task1/cv5","4","0.8007","0.7812","0.7707","0.8319","0.7976","0.8367","0.2994","0.42","0.2944","0.4747","0.3333","0.4868","0.2186","0.5675","0.211","0.7880084493562213","0.8223482595834285","pred","model/task1/cv5/22ebf2bd-5c13-4ffe-9292-2e9f0f61854b/en_deberta_large","1.208008449356221","1.2533482595834284","0.34","0.34"
"fluent-sweep-130","lt9lhzb6","finished","-","tabchen","","2022-09-14T21:32:50.000Z","2118","31xks6k8","32","10","0","0.000005","256","en_deberta_large","model/task1/cv5","1","0.7859","0.7605","0.7597","0.8342","0.8556","0.8447","0.0441","0.2481","0.1424","0.4167","0.3785","0.6562","0.0233","0.1846","0.0798","0.829081936600744","0.7264953881421337","pred","model/task1/cv5/87db58c0-ac2b-4af4-a146-47ff070778dc/en_deberta_large","1.077181936600744","1.1404953881421336","0.19","0.19"
"zesty-sweep-129","1wrbwr4p","finished","-","tabchen","","2022-09-14T21:03:47.000Z","2026","31xks6k8","32","10","0","0.00002","256","en_deberta_v3_large","model/task1/cv5","1","0.6524","0.6652","0.6412","0.8358","0.8709","0.8386","0","0","0","0","0","0","0","0","0","0.8575060702312525","0.8703580628786693","pred","model/task1/cv5/87a810be-e023-41b6-b541-000094e7aff7/en_deberta_v3_large","0.8575060702312525","0.8703580628786693","0.55","0.55"
"deft-sweep-128","9hq4i1b2","finished","-","tabchen","","2022-09-14T20:55:34.000Z","3614","31xks6k8","32","10","0","0.00002","256","en_deberta_large","model/task1/cv5","1","0.763","0.7368","0.7442","0.835","0.7926","0.8343","0.2703","0.3515","0.2351","0.4938","0.2948","0.4611","0.186","0.4353","0.1578","0.778290612657923","0.7781447305859462","pred","model/task1/cv5/7701545a-d2d2-48c1-a229-61648e0e2b45/en_deberta_large","1.129790612657923","1.1646447305859462","0.2","0.2"
"sleek-sweep-127","lt9lhzb6","finished","-","tabchen","","2022-09-14T20:43:17.000Z","2966","31xks6k8","32","10","0","0.000001","256","en_deberta_v3_large","model/task1/cv5","4","0.7911","0.7897","0.7851","0.8358","0.7951","0.8438","0.1296","0.4182","0.175","0.5","0.3301","0.5934","0.0744","0.5702","0.1027","0.7898594803017586","0.8049153024192013","pred","model/task1/cv5/c53c7872-9276-4069-99d4-85e65425dff4/en_deberta_v3_large","1.2080594803017586","1.2641153024192011","0.27","0.27"
"stilted-sweep-126","1wrbwr4p","finished","-","tabchen","","2022-09-14T20:22:19.000Z","2482","31xks6k8","32","4","0","0.00001","256","en_deberta_v3_large","model/task1/cv5","10","0.7909","0.7973","0.785","0.8319","0.7809","0.8413","0.1603","0.4178","0.2034","0.4468","0.318","0.5366","0.0977","0.6088","0.1255","0.7697928129378204","0.7950360041183363","pred","model/task1/cv5/71d34466-e6ef-4310-8daf-0f5f9b047103/en_deberta_v3_large","1.1875928129378204","1.2553360041183363","0.21","0.21"
"confused-sweep-125","9hq4i1b2","finished","-","tabchen","","2022-09-14T20:03:18.000Z","3129","31xks6k8","32","6","0","0.000001","256","en_deberta_large","model/task1/cv5","6","0.8021","0.7867","0.7814","0.8266","0.7954","0.8432","0.1236","0.4267","0.2078","0.3636","0.3344","0.563","0.0744","0.5895","0.1274","0.7856982712404463","0.8278681448821839","pred","model/task1/cv5/447a1471-5ed1-4e52-a456-9f128383ed97/en_deberta_large","1.2123982712404464","1.295568144882184","0.23","0.23"
"upbeat-sweep-124","1wrbwr4p","finished","-","tabchen","","2022-09-14T19:40:56.000Z","2474","31xks6k8","32","4","0","0.00001","256","en_deberta_v3_large","model/task1/cv5","6","0.7865","0.7871","0.7772","0.8358","0.8321","0.8386","0","0.4201","0","0","0.3792","0","0","0.4711","0","0.8204016274336523","0.8283148841545179","pred","model/task1/cv5/936b321d-79e9-4c45-a192-22c5147a1776/en_deberta_v3_large","1.2405016274336522","1.246514884154518","0.21","0.21"
"royal-sweep-123","lt9lhzb6","finished","-","tabchen","","2022-09-14T19:38:34.000Z","3875","31xks6k8","32","4","0","0.000001","256","en_deberta_v3_large","model/task1/cv5","1","0.78","0.7657","0.7629","0.8151","0.8641","0.8281","0.3046","0.2298","0.3533","0.3985","0.4286","0.45","0.2465","0.157","0.2909","0.8406431647481981","0.8008673668088664","pred","model/task1/cv5/df33f93b-b23f-438e-ae2b-e2563043be60/en_deberta_v3_large","1.0704431647481982","1.2164673668088664","0.42","0.42"
"lilac-sweep-122","9hq4i1b2","finished","-","tabchen","","2022-09-14T19:19:35.000Z","2618","31xks6k8","32","1","0","0.00001","256","en_deberta_large","model/task1/cv5","1","0.7841","0.7546","0.7584","0.838","0.7606","0.841","0.0862","0.3786","0.116","0.5882","0.2847","0.5667","0.0465","0.5647","0.0646","0.7496225927602798","0.7724734054478516","pred","model/task1/cv5/9eb3a916-7fe4-4b24-bcf7-70da50b0fbd7/en_deberta_large","1.1282225927602798","1.1873734054478515","0.21","0.21"
"prime-sweep-121","1wrbwr4p","finished","-","tabchen","","2022-09-14T18:59:29.000Z","2480","31xks6k8","32","4","0","0.00001","256","en_deberta_v3_large","model/task1/cv5","1","0.7932","0.7769","0.7739","0.8358","0.8534","0.8386","0","0.3179","0","0","0.3983","0","0","0.2645","0","0.8324302893290892","0.8281155617878729","pred","model/task1/cv5/fb0ea4e1-2f40-46f4-990d-f23294b5d707/en_deberta_v3_large","1.1503302893290892","1.2211155617878728","0.28","0.28"
"firm-sweep-120","lt9lhzb6","finished","-","tabchen","","2022-09-14T18:57:11.000Z","2479","31xks6k8","32","10","0","0.000005","256","en_deberta_v3_large","model/task1/cv5","2","0.7824","0.8008","0.7848","0.8358","0.7809","0.8386","0","0.4221","0","0","0.3201","0","0","0.6198","0","0.7680605263902287","0.804530823958525","pred","model/task1/cv5/80e27376-53fd-4d4a-9415-a35324204b44/en_deberta_v3_large","1.1901605263902286","1.260230823958525","0.25","0.25"
"young-sweep-119","9hq4i1b2","finished","-","tabchen","","2022-09-14T18:35:53.000Z","2613","31xks6k8","32","2","0","0.00001","256","en_deberta_large","model/task1/cv5","6","0.8009","0.7912","0.7768","0.8365","0.8289","0.8398","0.0093","0.4184","0.0188","1","0.3728","0.8333","0.0047","0.4766","0.0095","0.8125354535911165","0.8281056608984457","pred","model/task1/cv5/03f3002e-6054-46f5-8298-8837eb8b36ad/en_deberta_large","1.2309354535911163","1.2246056608984457","0.23","0.23"
"peach-sweep-118","1wrbwr4p","finished","-","tabchen","","2022-09-14T18:02:26.000Z","3415","31xks6k8","32","2","0","0.00001","256","en_deberta_v3_large","model/task1/cv5","2","0.7932","0.771","0.768","0.8335","0.8147","0.837","0.2922","0.4046","0.3166","0.4839","0.3457","0.49","0.2093","0.4876","0.2338","0.8035556156267858","0.8161674979836436","pred","model/task1/cv5/eb798391-ee8a-4ae8-843c-f9cfc391e29d/en_deberta_v3_large","1.208155615626786","1.2205674979836436","0.38","0.38"
"fluent-sweep-117","lt9lhzb6","finished","-","tabchen","","2022-09-14T17:56:17.000Z","3646","31xks6k8","32","6","0","0.000001","256","en_deberta_large","model/task1/cv5","10","0.7959","0.7783","0.7897","0.8212","0.7915","0.8349","0.3198","0.4116","0.3641","0.4264","0.3239","0.4812","0.2558","0.5647","0.2928","0.7822232911532884","0.8295838603931557","pred","model/task1/cv5/49d4143c-2d43-49b8-81bc-3a5d2f11414b/en_deberta_large","1.1938232911532884","1.2989838603931556","0.28","0.28"
"sage-sweep-116","9hq4i1b2","finished","-","tabchen","","2022-09-14T17:52:15.000Z","2609","31xks6k8","32","1","0","0.00002","256","en_deberta_large","model/task1/cv5","1","0.777","0.7541","0.7459","0.8358","0.8182","0.8386","0","0.3953","0","0","0.3465","0","0","0.4601","0","0.7993714386077142","0.7929200997525888","pred","model/task1/cv5/19aaa385-53a3-45d0-85c8-3a054321a1b6/en_deberta_large","1.1946714386077142","1.2053200997525888","0.26","0.26"
"sweet-sweep-115","1wrbwr4p","finished","-","tabchen","","2022-09-14T17:18:27.000Z","2631","31xks6k8","32","10","0","0.000005","256","en_deberta_large","model/task1/cv5","6","0.8027","0.7945","0.7807","0.838","0.7681","0.8462","0.2148","0.4018","0.2233","0.5273","0.3012","0.605","0.1349","0.6033","0.1369","0.7589058736119494","0.8138864080803305","pred","model/task1/cv5/cc679a4a-86ac-40c1-971f-5fd602f93488/en_deberta_large","1.160705873611949","1.2738864080803305","0.21","0.21"
"toasty-sweep-114","lt9lhzb6","finished","-","tabchen","","2022-09-14T17:12:34.000Z","2617","31xks6k8","32","4","0","0.00001","256","en_deberta_large","model/task1/cv5","1","0.7892","0.7686","0.7598","0.8426","0.8289","0.8416","0.1271","0.3761","0.1485","0.7143","0.3554","0.5625","0.0698","0.3994","0.0856","0.8140715912424393","0.7860969565242485","pred","model/task1/cv5/2ac3991c-ad38-4893-9373-b4f8a2099f57/en_deberta_large","1.190171591242439","1.2118969565242486","0.25","0.25"
"grateful-sweep-113","9hq4i1b2","finished","-","tabchen","","2022-09-14T16:51:54.000Z","3615","31xks6k8","32","6","0","0.00002","256","en_deberta_large","model/task1/cv5","10","0.7699","0.7414","0.7462","0.8365","0.8068","0.8321","0.3228","0.3271","0.2774","0.505","0.2973","0.4545","0.2372","0.3636","0.1996","0.7960783950516191","0.8355897995475401","pred","model/task1/cv5/b9f1b48a-650f-4845-a497-e17246106ec5/en_deberta_large","1.1231783950516192","1.24068979954754","0.26","0.26"
"grateful-sweep-112","1wrbwr4p","finished","-","tabchen","","2022-09-14T16:34:44.000Z","2616","31xks6k8","32","6","0","0.000005","256","en_deberta_large","model/task1/cv5","1","0.789","0.7706","0.7712","0.8358","0.8481","0.8441","0.2066","0.2989","0.2038","0.5","0.3699","0.5804","0.1302","0.2507","0.1236","0.8304154189357014","0.8132052307335355","pred","model/task1/cv5/db3fd033-ca1e-4c68-bad4-b3fd9caea47f/en_deberta_large","1.1293154189357013","1.2282052307335354","0.28","0.28"
"astral-sweep-111","9hq4i1b2","finished","-","tabchen","","2022-09-14T16:10:15.000Z","2493","31xks6k8","32","6","0","0.000005","256","en_deberta_v3_large","model/task1/cv5","6","0.7999","0.8023","0.7851","0.8403","0.8232","0.845","0.1469","0.4371","0.1842","0.6","0.3712","0.6129","0.0837","0.5317","0.1084","0.8085329127910542","0.8265295370799753","pred","model/task1/cv5/e3075e68-9b3a-45f5-905c-5317ccdb898e/en_deberta_v3_large","1.245632912791054","1.2657295370799753","0.26","0.26"
"fine-sweep-110","1wrbwr4p","finished","-","tabchen","","2022-09-14T15:59:12.000Z","2126","31xks6k8","32","4","0","0.00002","256","en_deberta_large","model/task1/cv5","10","0.5121","0.4824","0.5137","0.8358","0.8709","0.8386","0","0","0","0","0","0","0","0","0","0.8575060702312525","0.8703580628786693","pred","model/task1/cv5/cc7126d5-eaa7-4099-ae9d-e4396b9f1aa3/en_deberta_large","0.8575060702312525","0.8703580628786693","0.55","0.55"
"dark-sweep-109","lt9lhzb6","finished","-","tabchen","","2022-09-14T15:55:56.000Z","4591","31xks6k8","32","1","0","0.00001","256","en_deberta_large","model/task1/cv5","2","0.5532","0.5185","0.5112","0.8358","0.8709","0.8386","0","0","0","0","0","0","0","0","0","0.8575060702312525","0.8703580628786693","pred","model/task1/cv5/016991c5-3882-42b0-bad9-eeb1e73db804/en_deberta_large","0.8575060702312525","0.8703580628786693","0.55","0.55"
"likely-sweep-108","9hq4i1b2","finished","-","tabchen","","2022-09-14T15:34:36.000Z","2133","31xks6k8","32","10","0","0.00002","256","en_deberta_large","model/task1/cv5","10","0.5381","0.5871","0.5004","0.165","0.8709","0.1621","0.2823","0","0.2782","0.1644","0","0.1615","1","0","1","0.8575060702312525","0.8703580628786693","pred","model/task1/cv5/6671ae15-f814-4dd8-9d04-c35aa1568541/en_deberta_large","0.8575060702312525","0.8703580628786693","0.55","0.55"
"stilted-sweep-107","1wrbwr4p","finished","-","tabchen","","2022-09-14T15:15:21.000Z","2626","31xks6k8","32","1","0","0.00002","256","en_deberta_large","model/task1/cv5","4","0.7824","0.7735","0.7523","0.8373","0.8278","0.8419","0.0617","0.398","0.0754","0.5833","0.3628","0.6774","0.0326","0.4408","0.0399","0.8092791868510091","0.8350102254862519","pred","model/task1/cv5/41f3d229-d29b-4a68-8815-108f9beb31f5/en_deberta_large","1.207279186851009","1.200410225486252","0.27","0.27"
"wandering-sweep-106","lt9lhzb6","finished","-","tabchen","","2022-09-14T15:14:28.000Z","2484","31xks6k8","32","2","0","0.000005","256","en_deberta_v3_large","model/task1/cv5","6","0.7959","0.8079","0.7803","0.8358","0.8189","0.8386","0","0.4413","0","0","0.3668","0","0","0.5537","0","0.8091965684566167","0.8093245035640884","pred","model/task1/cv5/91898724-77c6-4b8a-9202-d4733f04238c/en_deberta_v3_large","1.2504965684566167","1.2544245035640884","0.28","0.28"
"deft-sweep-105","9hq4i1b2","finished","-","tabchen","","2022-09-14T14:50:35.000Z","2632","31xks6k8","32","2","0","0.00001","256","en_deberta_large","model/task1/cv5","2","0.787","0.7864","0.7692","0.8358","0.8061","0.8389","0.0092","0.441","0.0437","0.5","0.3513","0.5217","0.0047","0.5923","0.0228","0.7872739507461347","0.7903949138393042","pred","model/task1/cv5/83deceee-cefd-4faa-ba17-ef504318192f/en_deberta_large","1.2282739507461349","1.2221949138393042","0.25","0.25"
"visionary-sweep-104","lt9lhzb6","finished","-","tabchen","","2022-09-14T14:32:56.000Z","2484","31xks6k8","32","2","0","0.000005","256","en_deberta_v3_large","model/task1/cv5","2","0.7899","0.7958","0.7789","0.835","0.8118","0.8425","0.0357","0.4518","0.0656","0.4444","0.3621","0.7826","0.0186","0.6006","0.0342","0.7936353824087199","0.8090443749475259","pred","model/task1/cv5/ed41142c-44de-4d97-b0d0-8b6f1c93913e/en_deberta_v3_large","1.24543538240872","1.242344374947526","0.25","0.25"
"smooth-sweep-103","1wrbwr4p","finished","-","tabchen","","2022-09-14T14:31:30.000Z","2626","31xks6k8","32","4","0","0.00001","256","en_deberta_large","model/task1/cv5","6","0.7812","0.7958","0.7665","0.8365","0.8353","0.8407","0.0932","0.4191","0.1277","0.5238","0.3848","0.5507","0.0512","0.4601","0.0722","0.8258826590796186","0.8325522821778775","pred","model/task1/cv5/5e3d6d11-d3ea-41e1-acf7-86a59d60d4d0/en_deberta_large","1.2449826590796185","1.2357522821778777","0.23","0.23"
"jumping-sweep-102","9hq4i1b2","finished","-","tabchen","","2022-09-14T14:16:51.000Z","2012","31xks6k8","32","1","0","0.00002","256","en_deberta_v3_large","model/task1/cv5","1","0.6734","0.5522","0.6377","0.8358","0.8709","0.8386","0","0","0","0","0","0","0","0","0","0.8575060702312525","0.8703580628786693","pred","model/task1/cv5/41b2cdf1-6ae5-4ae8-9ba9-c4832eafb842/en_deberta_v3_large","0.8575060702312525","0.8703580628786693","0.55","0.55"
"driven-sweep-101","lt9lhzb6","finished","-","tabchen","","2022-09-14T13:51:12.000Z","2494","31xks6k8","32","2","0","0.00001","256","en_deberta_v3_large","model/task1/cv5","6","0.7765","0.7934","0.7732","0.8358","0.8285","0.8386","0","0.4303","0","0","0.3768","0","0","0.5014","0","0.8182428959747269","0.827013255138249","pred","model/task1/cv5/f3dce154-7662-4c92-a236-04d45b288a0e/en_deberta_v3_large","1.248542895974727","1.243813255138249","0.25","0.25"
"copper-sweep-100","1wrbwr4p","finished","-","tabchen","","2022-09-14T13:47:36.000Z","2625","31xks6k8","32","10","0","0.000005","256","en_deberta_large","model/task1/cv5","2","0.7799","0.7807","0.7581","0.8358","0.7962","0.8389","0","0.4147","0.0038","0","0.3295","1","0","0.5592","0.0019","0.7721001691784389","0.7856571707833911","pred","model/task1/cv5/8316359d-6e72-4800-9b50-d96e44764b23/en_deberta_large","1.186800169178439","1.2175571707833912","0.22","0.22"
"devoted-sweep-99","9hq4i1b2","finished","-","tabchen","","2022-09-14T13:24:48.000Z","3114","31xks6k8","32","2","0","0.000001","256","en_deberta_large","model/task1/cv5","6","0.7939","0.7847","0.7778","0.8296","0.8111","0.8444","0.1186","0.4345","0.1888","0.3947","0.3542","0.596","0.0698","0.562","0.1122","0.8029251061803286","0.827273181593965","pred","model/task1/cv5/8f4b6116-e2df-4c08-ab0f-4e0a8e04a268/en_deberta_large","1.2374251061803283","1.267573181593965","0.24","0.24"
"wobbly-sweep-98","lt9lhzb6","finished","-","tabchen","","2022-09-14T13:11:22.000Z","2382","31xks6k8","32","4","0","0.00001","256","en_deberta_large","model/task1/cv5","4","0.7974","0.7937","0.7674","0.8358","0.8132","0.8386","0","0.4397","0","0","0.3589","0","0","0.5675","0","0.7986883290815134","0.8225711892694026","pred","model/task1/cv5/00932e02-e9bb-42c5-aa3c-9d3deb468acb/en_deberta_large","1.2383883290815134","1.2461711892694027","0.23","0.23"
"gallant-sweep-97","1wrbwr4p","finished","-","tabchen","","2022-09-14T13:03:38.000Z","2629","31xks6k8","32","1","0","0.00001","256","en_deberta_large","model/task1/cv5","1","0.7841","0.7546","0.7584","0.838","0.7606","0.841","0.0862","0.3786","0.116","0.5882","0.2847","0.5667","0.0465","0.5647","0.0646","0.7496225927602798","0.7724734054478516","pred","model/task1/cv5/b71ca07e-9aff-43f0-a9c1-500acc3c969b/en_deberta_large","1.1282225927602798","1.1873734054478515","0.21","0.21"
"wobbly-sweep-96","9hq4i1b2","finished","-","tabchen","","2022-09-14T12:30:31.000Z","3247","31xks6k8","32","4","0","0.00001","256","en_deberta_large","model/task1/cv5","2","0.7737","0.7748","0.7521","0.8327","0.7901","0.8416","0.1275","0.3867","0.1569","0.4444","0.3105","0.5581","0.0744","0.5124","0.0913","0.7789434301595126","0.8088995441893649","pred","model/task1/cv5/c15db19a-c8c4-42da-afdf-83d18439f3f3/en_deberta_large","1.1656434301595129","1.2088995441893648","0.23","0.23"
"eager-sweep-95","lt9lhzb6","finished","-","tabchen","","2022-09-14T12:24:55.000Z","2780","31xks6k8","32","2","0","0.00001","256","en_deberta_large","model/task1/cv5","6","0.8009","0.7912","0.7768","0.8365","0.8289","0.8398","0.0093","0.4184","0.0188","1","0.3728","0.8333","0.0047","0.4766","0.0095","0.8125354535911165","0.8281056608984457","pred","model/task1/cv5/5de17dff-2814-46ed-a2c0-94ae20a743a6/en_deberta_large","1.2309354535911163","1.2246056608984457","0.23","0.23"
"balmy-sweep-94","1wrbwr4p","finished","-","tabchen","","2022-09-14T12:22:21.000Z","2472","31xks6k8","32","1","0","0.00002","256","en_deberta_v3_large","model/task1/cv5","4","0.5113","0.5122","0.5141","0.8358","0.8709","0.8386","0","0","0","0","0","0","0","0","0","0.8575060702312525","0.8703580628786693","pred","model/task1/cv5/69b037c6-ac7f-4d0d-b697-3b4a2cfe5d14/en_deberta_v3_large","0.8575060702312525","0.8703580628786693","0.55","0.55"
"dry-sweep-93","lt9lhzb6","finished","-","tabchen","","2022-09-14T11:47:08.000Z","2259","31xks6k8","32","10","0","0.000005","256","en_deberta_large","model/task1/cv5","4","0.7995","0.7851","0.767","0.8365","0.7905","0.8382","0.0093","0.4116","0","1","0.3229","0","0.0047","0.5675","0","0.774630483311724","0.8151134145404146","pred","model/task1/cv5/01c888c7-df41-412e-b69f-f813c446fdc5/en_deberta_large","1.186230483311724","1.2640134145404147","0.19","0.19"
"earnest-sweep-92","9hq4i1b2","finished","-","tabchen","","2022-09-14T11:46:52.000Z","2613","31xks6k8","32","2","0","0.000005","256","en_deberta_v3_large","model/task1/cv5","2","0.7891","0.7985","0.781","0.8358","0.7922","0.8386","0","0.4352","0","0","0.3353","0","0","0.6198","0","0.7826644331743396","0.7890252042275681","pred","model/task1/cv5/c29015cc-e13c-40b9-abf7-c5d9a76c1e85/en_deberta_v3_large","1.2178644331743396","1.230925204227568","0.26","0.26"
"wild-sweep-91","1wrbwr4p","finished","-","tabchen","","2022-09-14T11:27:52.000Z","3259","31xks6k8","32","6","0","0.000001","256","en_deberta_large","model/task1/cv5","4","0.7961","0.7785","0.7759","0.8327","0.8011","0.8432","0.0681","0.3944","0.1205","0.4","0.325","0.6364","0.0372","0.5014","0.0665","0.7818702266617042","0.8278186513594511","pred","model/task1/cv5/45a0eeb1-0a8c-4c93-90e4-1793047c5124/en_deberta_large","1.1762702266617042","1.276718651359451","0.21","0.21"
"copper-sweep-90","lt9lhzb6","finished","-","tabchen","","2022-09-14T11:12:25.000Z","2071","31xks6k8","32","4","0","0.00002","256","en_deberta_v3_large","model/task1/cv5","1","0.506","0.5092","0.4799","0.8358","0.8709","0.8386","0","0","0","0","0","0","0","0","0","0.8575060702312525","0.8703580628786693","pred","model/task1/cv5/5c6a67a4-6b7f-4d0c-ae81-44bee29ae238/en_deberta_v3_large","0.8575060702312525","0.8703580628786693","0.55","0.55"
"dry-sweep-89","9hq4i1b2","finished","-","tabchen","","2022-09-14T10:46:10.000Z","3633","31xks6k8","32","10","0","0.00002","256","en_deberta_large","model/task1/cv5","1","0.763","0.7368","0.7442","0.835","0.7926","0.8343","0.2703","0.3515","0.2351","0.4938","0.2948","0.4611","0.186","0.4353","0.1578","0.778290612657923","0.7781447305859462","pred","model/task1/cv5/f5cfb497-d15b-4948-888b-620bb2a551ce/en_deberta_large","1.129790612657923","1.1646447305859462","0.2","0.2"
"royal-sweep-88","1wrbwr4p","finished","-","tabchen","","2022-09-14T10:38:12.000Z","2970","31xks6k8","32","10","0","0.000001","256","en_deberta_v3_large","model/task1/cv5","2","0.7848","0.7888","0.7729","0.8358","0.7997","0.8389","0.0773","0.433","0.0838","0.5","0.3413","0.5106","0.0419","0.5923","0.0456","0.7873157169237013","0.7652255356963957","pred","model/task1/cv5/3d0f6ccd-ec93-4ad8-abc5-af8462f38f34/en_deberta_v3_large","1.220315716923701","1.2041255356963958","0.27","0.27"
"azure-sweep-87","lt9lhzb6","finished","-","tabchen","","2022-09-14T10:30:56.000Z","2481","31xks6k8","32","2","0","0.000005","256","en_deberta_v3_large","model/task1/cv5","6","0.8019","0.7947","0.7698","0.8358","0.8264","0.8389","0.0092","0.4404","0.0076","0.5","0.3772","0.6667","0.0047","0.5289","0.0038","0.8159257682197517","0.8337336926222289","pred","model/task1/cv5/09641e70-b95a-4c34-91cd-fd61e7a25251/en_deberta_v3_large","1.2563257682197515","1.2659336926222289","0.27","0.27"
"curious-sweep-86","9hq4i1b2","finished","-","tabchen","","2022-09-14T10:10:33.000Z","2128","31xks6k8","32","10","0","0.00002","256","en_deberta_large","model/task1/cv5","10","0.5381","0.5871","0.5004","0.165","0.8709","0.1621","0.2823","0","0.2782","0.1644","0","0.1615","1","0","1","0.8575060702312525","0.8703580628786693","pred","model/task1/cv5/bbc6f5a5-edbf-4cc5-8c0d-2fbaab664846/en_deberta_large","0.8575060702312525","0.8703580628786693","0.55","0.55"
"lucky-sweep-85","1wrbwr4p","finished","-","tabchen","","2022-09-14T09:54:17.000Z","2627","31xks6k8","32","10","0","0.00001","256","en_deberta_large","model/task1/cv5","4","0.7866","0.7843","0.7653","0.835","0.8015","0.8416","0.0357","0.4013","0.0444","0.4444","0.3286","0.8571","0.0186","0.5152","0.0228","0.7828394944342966","0.8292494797189385","pred","model/task1/cv5/52451093-2ad4-4114-a343-165a68c8868e/en_deberta_large","1.184139494434297","1.2607494797189385","0.21","0.21"
"serene-sweep-84","lt9lhzb6","finished","-","tabchen","","2022-09-14T09:49:19.000Z","2490","31xks6k8","32","2","0","0.000005","256","en_deberta_v3_large","model/task1/cv5","4","0.7884","0.7997","0.7854","0.8358","0.8068","0.8398","0.0183","0.4442","0.0225","0.5","0.3534","0.75","0.0093","0.5978","0.0114","0.7954893268738017","0.8139888183712618","pred","model/task1/cv5/9b9d8546-4cee-4d7a-8098-5ceacf284dfb/en_deberta_v3_large","1.2396893268738016","1.268888818371262","0.25","0.25"
"jumping-sweep-83","9hq4i1b2","finished","-","tabchen","","2022-09-14T09:29:15.000Z","2473","31xks6k8","32","6","0","0.00002","256","en_deberta_v3_large","model/task1/cv5","1","0.762","0.7634","0.7575","0.8373","0.7912","0.8392","0.0184","0.3879","0.0224","1","0.3121","0.6","0.0093","0.5124","0.0114","0.7800014110693593","0.7899749578889022","pred","model/task1/cv5/33c3d381-0fdc-46db-8f54-a08ab1837279/en_deberta_v3_large","1.1679014110693593","1.1990749578889022","0.17","0.17"
"denim-sweep-82","lt9lhzb6","finished","-","tabchen","","2022-09-14T09:13:22.000Z","2145","31xks6k8","32","4","0","0.00001","256","en_deberta_large","model/task1/cv5","4","0.7974","0.7937","0.7674","0.8358","0.8132","0.8386","0","0.4397","0","0","0.3589","0","0","0.5675","0","0.7986883290815134","0.8225711892694026","pred","model/task1/cv5/3e1b80c7-0dc2-4528-a4fc-c8bb66fe156d/en_deberta_large","1.2383883290815134","1.2461711892694027","0.23","0.23"
"avid-sweep-81","1wrbwr4p","finished","-","tabchen","","2022-09-14T09:05:00.000Z","2951","31xks6k8","32","4","0","0.000001","256","en_deberta_v3_large","model/task1/cv5","6","0.785","0.7906","0.7812","0.8403","0.8122","0.8444","0.2344","0.4248","0.2467","0.5517","0.3514","0.5646","0.1488","0.5372","0.1578","0.8007913961951374","0.8206325231511687","pred","model/task1/cv5/29e5d714-e259-4cf9-a5f6-cd1227a268fe/en_deberta_v3_large","1.2255913961951377","1.2680325231511689","0.29","0.29"
"crisp-sweep-80","1wrbwr4p","finished","-","tabchen","","2022-09-14T08:31:25.000Z","2009","31xks6k8","32","6","0","0.00002","256","en_deberta_v3_large","model/task1/cv5","4","0.5186","0.499","0.4923","0.8358","0.8709","0.8386","0","0","0","0","0","0","0","0","0","0.8575060702312525","0.8703580628786693","pred","model/task1/cv5/6289ac33-f9ec-4731-8265-da98578f72e8/en_deberta_v3_large","0.8575060702312525","0.8703580628786693","0.55","0.55"
"deep-sweep-79","lt9lhzb6","finished","-","tabchen","","2022-09-14T08:29:22.000Z","2632","31xks6k8","32","6","0","0.000005","256","en_deberta_large","model/task1/cv5","4","0.7963","0.7885","0.78","0.8365","0.7503","0.8395","0.0093","0.4091","0.0113","1","0.2945","1","0.0047","0.6694","0.0057","0.7420165787791227","0.7902795799632961","pred","model/task1/cv5/28133ada-9ee1-4c22-bbd9-cd051b610810/en_deberta_large","1.1511165787791229","1.253279579963296","0.2","0.2"
"cool-sweep-78","9hq4i1b2","finished","-","tabchen","","2022-09-14T08:25:54.000Z","3488","31xks6k8","32","6","0","0.000001","256","en_deberta_large","model/task1/cv5","6","0.8021","0.7867","0.7814","0.8266","0.7954","0.8432","0.1236","0.4267","0.2078","0.3636","0.3344","0.563","0.0744","0.5895","0.1274","0.7856982712404463","0.8278681448821839","pred","model/task1/cv5/1932e1d0-5ed7-4c77-b00e-353e64295d0d/en_deberta_large","1.2123982712404464","1.295568144882184","0.23","0.23"
"magic-sweep-77","1wrbwr4p","finished","-","tabchen","","2022-09-14T07:49:51.000Z","2487","31xks6k8","32","2","0","0.00002","256","en_deberta_v3_large","model/task1/cv5","10","0.5399","0.4985","0.4763","0.8358","0.8709","0.8386","0","0","0","0","0","0","0","0","0","0.8575060702312525","0.8703580628786693","pred","model/task1/cv5/51321565-449f-469e-aee9-41a7412ebe3b/en_deberta_v3_large","0.8575060702312525","0.8703580628786693","0.55","0.55"
"dandy-sweep-76","lt9lhzb6","finished","-","tabchen","","2022-09-14T07:47:31.000Z","2502","31xks6k8","32","10","0","0.000005","256","en_deberta_v3_large","model/task1/cv5","6","0.8017","0.7868","0.7733","0.8365","0.7969","0.8419","0.0614","0.4132","0.1075","0.5385","0.3295","0.6078","0.0326","0.5537","0.0589","0.7804470414909381","0.8258330436613955","pred","model/task1/cv5/22adc2f1-384c-45a3-a338-b92cf5a6671f/en_deberta_v3_large","1.193647041490938","1.2761330436613956","0.23","0.23"
"frosty-sweep-75","1wrbwr4p","finished","-","tabchen","","2022-09-14T07:05:58.000Z","2628","31xks6k8","32","4","0","0.00001","256","en_deberta_large","model/task1/cv5","10","0.5351","0.5303","0.5029","0.8358","0.8709","0.8386","0","0","0","0","0","0","0","0","0","0.8575060702312525","0.8703580628786693","pred","model/task1/cv5/9aec5c53-0e66-4490-ab37-3250498d589c/en_deberta_large","0.8575060702312525","0.8703580628786693","0.55","0.55"
"visionary-sweep-74","lt9lhzb6","finished","-","tabchen","","2022-09-14T07:03:38.000Z","2626","31xks6k8","32","10","0","0.00001","256","en_deberta_large","model/task1/cv5","1","0.7809","0.7624","0.7599","0.8327","0.8179","0.8419","0.2369","0.3663","0.2161","0.4722","0.3326","0.542","0.1581","0.4077","0.135","0.8027190474930116","0.8203036970993449","pred","model/task1/cv5/f40b4ff9-05fe-4d0b-999c-aa26c824ca5e/en_deberta_large","1.1690190474930116","1.243003697099345","0.32","0.32"
"brisk-sweep-73","9hq4i1b2","finished","-","tabchen","","2022-09-14T06:33:23.000Z","3613","31xks6k8","32","1","0","0.000001","256","en_deberta_large","model/task1/cv5","1","0.7759","0.7315","0.7543","0.8296","0.8698","0.8315","0.2689","0.0214","0.2824","0.4556","0.3636","0.4519","0.1907","0.011","0.2053","0.8512850822671084","0.8082963863870023","pred","model/task1/cv5/bee6aef3-e83f-403a-a859-2715d3272568/en_deberta_large","0.8726850822671084","1.1899963863870022","0.37","0.37"
"rare-sweep-72","9hq4i1b2","finished","-","tabchen","","2022-09-14T06:33:19.000Z","6746","31xks6k8","32","6","0","0.000001","256","en_deberta_large","model/task1/cv5","6","0.8021","0.7867","0.7814","0.8266","0.7954","0.8432","0.1236","0.4267","0.2078","0.3636","0.3344","0.563","0.0744","0.5895","0.1274","0.7856982712404463","0.8278681448821839","pred","model/task1/cv5/ba29268e-c9f3-40dd-a8c6-c2386473be6d/en_deberta_large","1.2123982712404464","1.295568144882184","0.23","0.23"
"true-sweep-71","lt9lhzb6","finished","-","tabchen","","2022-09-14T06:11:15.000Z","3137","31xks6k8","32","6","0","0.000005","256","en_deberta_large","model/task1/cv5","10","0.7867","0.7824","0.7764","0.8335","0.8346","0.8425","0.3272","0.3922","0.3448","0.4862","0.3731","0.5253","0.2465","0.4132","0.2567","0.8276926611218546","0.8577831544808072","pred","model/task1/cv5/dbcb44ee-4f5d-4a12-836a-9c86eb2d0ad4/en_deberta_large","1.2198926611218546","1.2809831544808072","0.39","0.39"
"comic-sweep-70","1wrbwr4p","finished","-","tabchen","","2022-09-14T05:45:00.000Z","4851","31xks6k8","32","4","0","0.00002","256","en_deberta_v3_large","model/task1/cv5","6","0.6327","0.5755","0.5944","0.8358","0.8709","0.8386","0","0","0","0","0","0","0","0","0","0.8575060702312525","0.8703580628786693","pred","model/task1/cv5/f6e75c83-8411-4f19-bde6-8e509b39923d/en_deberta_v3_large","0.8575060702312525","0.8703580628786693","0.55","0.55"
"trim-sweep-69","9hq4i1b2","finished","-","tabchen","","2022-09-14T05:42:52.000Z","2964","31xks6k8","32","10","0","0.000005","256","en_deberta_v3_large","model/task1/cv5","6","0.7954","0.7754","0.7739","0.8304","0.7716","0.8416","0.0902","0.4216","0.165","0.3793","0.3133","0.5543","0.0512","0.6446","0.097","0.7653153546296855","0.8072015462539608","pred","model/task1/cv5/892110f4-4cb7-49e4-a69a-ae1b5a880da3/en_deberta_v3_large","1.1869153546296856","1.2585015462539608","0.19","0.19"
"curious-sweep-68","lt9lhzb6","finished","-","tabchen","","2022-09-14T05:27:29.000Z","2621","31xks6k8","32","4","0","0.000005","256","en_deberta_large","model/task1/cv5","6","0.8068","0.7982","0.7863","0.838","0.8115","0.8407","0.0536","0.4479","0.0442","0.6667","0.3601","0.7059","0.0279","0.5923","0.0228","0.7932733454787784","0.8121819241345521","pred","model/task1/cv5/1be9712d-10c8-4b72-9835-fc71ff43eec7/en_deberta_large","1.2411733454787783","1.2663819241345522","0.22","0.22"
"fast-sweep-67","9hq4i1b2","finished","-","tabchen","","2022-09-14T05:09:09.000Z","2016","31xks6k8","32","10","0","0.00002","256","en_deberta_v3_large","model/task1/cv5","10","0.554","0.5136","0.5382","0.8358","0.7809","0.8386","0","0.1765","0","0","0.1714","0","0","0.1818","0","0.7834108548528614","0.7304196497586578","pred","model/task1/cv5/324d979e-568e-4e47-bdf6-4f4a040fc049/en_deberta_v3_large","0.9599108548528614","0.986919649758658","0.12","0.12"
"unique-sweep-66","1wrbwr4p","finished","-","tabchen","","2022-09-14T04:44:39.000Z","3613","31xks6k8","32","1","0","0.000001","256","en_deberta_large","model/task1/cv5","4","0.8007","0.7812","0.7707","0.8319","0.7976","0.8367","0.2994","0.42","0.2944","0.4747","0.3333","0.4868","0.2186","0.5675","0.211","0.7880084493562213","0.8223482595834285","pred","model/task1/cv5/c22c9a5a-4f34-45e1-959a-db68ab766899/en_deberta_large","1.208008449356221","1.2533482595834284","0.34","0.34"
"worldly-sweep-65","lt9lhzb6","finished","-","tabchen","","2022-09-14T04:43:23.000Z","2640","31xks6k8","32","2","0","0.000005","256","en_deberta_large","model/task1/cv5","6","0.8029","0.8026","0.7879","0.838","0.8004","0.8404","0.0536","0.4281","0.0476","0.6667","0.3398","0.65","0.0279","0.5785","0.0247","0.7909087693206516","0.8215440547030658","pred","model/task1/cv5/b29a0a63-906a-409a-af50-80563fd5e129/en_deberta_large","1.2190087693206515","1.2719440547030658","0.22","0.22"
"pleasant-sweep-64","9hq4i1b2","finished","-","tabchen","","2022-09-14T04:17:04.000Z","3119","31xks6k8","32","2","0","0.000001","256","en_deberta_large","model/task1/cv5","6","0.7939","0.7847","0.7778","0.8296","0.8111","0.8444","0.1186","0.4345","0.1888","0.3947","0.3542","0.596","0.0698","0.562","0.1122","0.8029251061803286","0.827273181593965","pred","model/task1/cv5/0ffad012-a6cc-4d0d-9ef9-b671289071aa/en_deberta_large","1.2374251061803283","1.267573181593965","0.24","0.24"
"restful-sweep-63","lt9lhzb6","finished","-","tabchen","","2022-09-14T04:09:47.000Z","2011","31xks6k8","32","10","0","0.00001","256","en_deberta_v3_large","model/task1/cv5","10","0.7927","0.781","0.7648","0.8358","0.8164","0.8386","0","0.411","0","0","0.3509","0","0","0.4959","0","0.8014085559417429","0.8382199391589069","pred","model/task1/cv5/9bab3da9-d955-49a7-9456-2917dca608b4/en_deberta_v3_large","1.2124085559417428","1.259719939158907","0.21","0.21"
"hearty-sweep-62","1wrbwr4p","finished","-","tabchen","","2022-09-14T04:09:09.000Z","2121","31xks6k8","32","6","0","0.00001","256","en_deberta_large","model/task1/cv5","6","0.7833","0.7787","0.7608","0.8358","0.7851","0.8379","0","0.3984","0","0","0.312","0","0","0.551","0","0.7791615778613092","0.803792324113939","pred","model/task1/cv5/09130577-a6ef-4c3f-9361-22918e70b9a2/en_deberta_large","1.177561577861309","1.234292324113939","0.2","0.2"
"warm-sweep-61","lt9lhzb6","finished","-","tabchen","","2022-09-14T03:34:22.000Z","2121","31xks6k8","32","4","0","0.00002","256","en_deberta_large","model/task1/cv5","4","0.5486","0.5133","0.5056","0.8358","0.8709","0.8386","0","0","0","0","0","0","0","0","0","0.8575060702312525","0.8703580628786693","pred","model/task1/cv5/e0292827-adae-455e-a58f-8db754e180e3/en_deberta_large","0.8575060702312525","0.8703580628786693","0.55","0.55"
"still-sweep-60","1wrbwr4p","finished","-","tabchen","","2022-09-14T03:20:02.000Z","2942","31xks6k8","32","4","0","0.000001","256","en_deberta_v3_large","model/task1/cv5","4","0.7816","0.782","0.7778","0.8312","0.8239","0.8389","0.0264","0.3926","0.0964","0.25","0.354","0.5091","0.014","0.4408","0.0532","0.8098124540238616","0.8231198655063159","pred","model/task1/cv5/8bbdf6b5-a9e4-4d40-bfc1-c002d6cddfe8/en_deberta_v3_large","1.2024124540238617","1.2651198655063158","0.34","0.34"
"sleek-sweep-59","9hq4i1b2","finished","-","tabchen","","2022-09-14T03:16:34.000Z","3624","31xks6k8","32","1","0","0.000001","256","en_deberta_large","model/task1/cv5","10","0.7848","0.7748","0.7872","0.8289","0.8015","0.8382","0.2774","0.4051","0.3235","0.4526","0.3304","0.498","0.2","0.5234","0.2395","0.7958244314255293","0.8437900548468675","pred","model/task1/cv5/419e380c-cc96-4554-8657-5bda8e3d1f7e/en_deberta_large","1.2009244314255292","1.2819900548468677","0.37","0.37"
"electric-sweep-58","lt9lhzb6","finished","-","tabchen","","2022-09-14T02:52:56.000Z","2479","31xks6k8","32","6","0","0.000005","256","en_deberta_v3_large","model/task1/cv5","10","0.7847","0.7951","0.7755","0.8335","0.8211","0.8471","0.155","0.4417","0.2267","0.4651","0.3699","0.6186","0.093","0.5482","0.1388","0.808002838465288","0.8332085673915076","pred","model/task1/cv5/9ce60994-1417-4b11-a5ab-3dcee1da48a5/en_deberta_v3_large","1.249702838465288","1.2711085673915077","0.28","0.28"
"breezy-sweep-57","1wrbwr4p","finished","-","tabchen","","2022-09-14T02:38:40.000Z","2478","31xks6k8","32","10","0","0.00002","256","en_deberta_v3_large","model/task1/cv5","6","0.7739","0.7866","0.7722","0.8365","0.8018","0.8398","0.0531","0.4402","0.0745","0.5455","0.3465","0.5526","0.0279","0.6033","0.0399","0.7884865890359706","0.8186595139566637","pred","model/task1/cv5/3d6507c3-898e-4ba9-a460-00148cf18040/en_deberta_v3_large","1.2286865890359706","1.2656595139566638","0.2","0.2"
"giddy-sweep-56","9hq4i1b2","finished","-","tabchen","","2022-09-14T02:35:12.000Z","2478","31xks6k8","32","1","0","0.000001","256","en_deberta_v3_large","model/task1/cv5","4","0.7751","0.7664","0.7592","0.8358","0.8534","0.8386","0","0.3522","0","0","0.4103","0","0","0.3085","0","0.8376258139113137","0.8440578635715966","pred","model/task1/cv5/d4edfa34-78bb-4d30-92ee-f70fc0ab49bf/en_deberta_v3_large","1.1898258139113138","1.2370578635715963","0.25","0.25"
"scarlet-sweep-55","lt9lhzb6","finished","-","tabchen","","2022-09-14T02:19:18.000Z","2013","31xks6k8","32","1","0","0.00002","256","en_deberta_v3_large","model/task1/cv5","6","0.764","0.7608","0.7463","0.8358","0.8246","0.8386","0","0.3876","0","0","0.3529","0","0","0.4298","0","0.8174213238740897","0.8391439025677678","pred","model/task1/cv5/b3ed67c3-ff6e-4fc7-81f9-1ac7e1f8f61d/en_deberta_v3_large","1.2050213238740897","1.211443902567768","0.2","0.2"
"soft-sweep-54","1wrbwr4p","finished","-","tabchen","","2022-09-14T02:05:09.000Z","2005","31xks6k8","32","1","0","0.00002","256","en_deberta_v3_large","model/task1/cv5","2","0.6816","0.6179","0.643","0.8358","0.8694","0.8386","0","0","0","0","0","0","0","0","0","0.8501537147131791","0.8707252191180302","pred","model/task1/cv5/e0d5d9cd-3a43-4170-81b7-6283a0057564/en_deberta_v3_large","0.8501537147131791","0.8930252191180302","0.13","0.13"
"cool-sweep-53","9hq4i1b2","finished","-","tabchen","","2022-09-14T01:51:24.000Z","2619","31xks6k8","32","4","0","0.000001","256","en_deberta_large","model/task1/cv5","4","0.7993","0.7816","0.7684","0.8365","0.8282","0.8407","0.0183","0.4131","0.0371","0.6667","0.3696","0.7692","0.0093","0.4683","0.019","0.8113883154785599","0.8378134575068522","pred","model/task1/cv5/0ae1cf6c-e2c6-49e6-97bf-fc9b49cac2c9/en_deberta_large","1.22448831547856","1.271313457506852","0.27","0.27"
"solar-sweep-52","lt9lhzb6","finished","-","tabchen","","2022-09-14T01:35:26.000Z","2626","31xks6k8","32","4","0","0.00002","256","en_deberta_large","model/task1/cv5","6","0.7519","0.7452","0.7254","0.8358","0.8107","0.8386","0","0.377","0","0","0.3279","0","0","0.4435","0","0.8017183516471448","0.8330213055459637","pred","model/task1/cv5/a99214c1-feb8-4241-9960-b6f8912fe27f/en_deberta_large","1.178718351647145","1.2029213055459635","0.25","0.25"
"lucky-sweep-51","9hq4i1b2","finished","-","tabchen","","2022-09-14T01:17:45.000Z","2012","31xks6k8","32","4","0","0.000005","256","en_deberta_v3_large","model/task1/cv5","4","0.7508","0.7519","0.7133","0.8358","0.8453","0.8386","0","0.3687","0","0","0.3896","0","0","0.3499","0","0.8288575911898541","0.8402413825402248","pred","model/task1/cv5/4b8053f8-b6df-4134-9859-07a1902f99b2/en_deberta_v3_large","1.1975575911898542","1.2153413825402248","0.19","0.19"
"sunny-sweep-50","1wrbwr4p","finished","-","tabchen","","2022-09-14T01:04:30.000Z","3612","31xks6k8","32","2","0","0.000001","256","en_deberta_large","model/task1/cv5","1","0.7849","0.7431","0.7594","0.8228","0.8609","0.8404","0.2215","0.1837","0.3048","0.3976","0.3793","0.5135","0.1535","0.1212","0.2167","0.8322117083921104","0.7691202759868614","pred","model/task1/cv5/16d7b333-2cc7-4b44-aafe-a0c47244467c/en_deberta_large","1.0159117083921103","1.1827202759868614","0.32","0.32"
"royal-sweep-49","lt9lhzb6","finished","-","tabchen","","2022-09-14T00:51:27.000Z","2631","31xks6k8","32","6","0","0.00002","256","en_deberta_large","model/task1/cv5","4","0.7873","0.7971","0.7758","0.835","0.8307","0.8386","0","0.4478","0.0075","0","0.3868","0.5","0","0.5317","0.0038","0.8141507532249735","0.8308143143014496","pred","model/task1/cv5/ff4d83ee-2ee8-4b6b-a71c-5b47f673c8ed/en_deberta_large","1.2619507532249736","1.2489143143014496","0.35","0.35"
"dazzling-sweep-48","9hq4i1b2","finished","-","tabchen","","2022-09-14T00:36:16.000Z","2481","31xks6k8","32","1","0","0.000005","256","en_deberta_v3_large","model/task1/cv5","4","0.7902","0.7955","0.7817","0.8358","0.7467","0.8386","0","0.4007","0","0","0.2885","0","0","0.6556","0","0.7467124091132712","0.8035209502241707","pred","model/task1/cv5/29edfa2c-645c-44fb-bf61-cce62d16bad6/en_deberta_v3_large","1.1474124091132711","1.2534209502241709","0.23","0.23"
"atomic-sweep-47","1wrbwr4p","finished","-","tabchen","","2022-09-14T00:20:40.000Z","2622","31xks6k8","32","4","0","0.00001","256","en_deberta_large","model/task1/cv5","10","0.5351","0.5303","0.5029","0.8358","0.8709","0.8386","0","0","0","0","0","0","0","0","0","0.8575060702312525","0.8703580628786693","pred","model/task1/cv5/841087b0-946d-4f0a-bc04-fbc9c1008da6/en_deberta_large","0.8575060702312525","0.8703580628786693","0.55","0.55"
"ancient-sweep-46","lt9lhzb6","finished","-","tabchen","","2022-09-14T00:09:59.000Z","2479","31xks6k8","32","10","0","0.00001","256","en_deberta_v3_large","model/task1/cv5","1","0.7953","0.7828","0.7733","0.835","0.8186","0.8395","0","0.4042","0.0151","0","0.3509","0.8","0","0.4766","0.0076","0.804790831196695","0.7738163029540991","pred","model/task1/cv5/1871f627-51de-47c5-a8ae-a508fd803dd0/en_deberta_v3_large","1.208990831196695","1.182816302954099","0.28","0.28"
"brisk-sweep-45","9hq4i1b2","finished","-","tabchen","","2022-09-13T23:52:23.000Z","2625","31xks6k8","32","4","0","0.00001","256","en_deberta_large","model/task1/cv5","10","0.5351","0.5303","0.5029","0.8358","0.8709","0.8386","0","0","0","0","0","0","0","0","0","0.8575060702312525","0.8703580628786693","pred","model/task1/cv5/2410f3be-0ca9-4e72-a0bb-2141b5824e60/en_deberta_large","0.8575060702312525","0.8703580628786693","0.55","0.55"
"expert-sweep-44","1wrbwr4p","finished","-","tabchen","","2022-09-13T23:39:08.000Z","2484","31xks6k8","32","4","0","0.000005","256","en_deberta_v3_large","model/task1/cv5","6","0.7953","0.7973","0.787","0.8365","0.8268","0.8401","0.0446","0.451","0.051","0.5556","0.3817","0.6087","0.0233","0.551","0.0266","0.8100887120973725","0.8346549515346664","pred","model/task1/cv5/0ed62b4f-b8ca-472b-8819-a8beaffce239/en_deberta_v3_large","1.2610887120973726","1.2835549515346665","0.25","0.25"
"resilient-sweep-43","lt9lhzb6","finished","-","tabchen","","2022-09-13T23:26:06.000Z","2627","31xks6k8","32","6","0","0.000005","256","en_deberta_large","model/task1/cv5","2","0.7933","0.7895","0.7782","0.8373","0.7766","0.8444","0.1776","0.4196","0.1991","0.5227","0.3157","0.5888","0.107","0.6253","0.1198","0.7670093591725842","0.8048403927222393","pred","model/task1/cv5/d92469ba-224d-4b11-9020-1a5c888e534b/en_deberta_large","1.186609359172584","1.2694403927222393","0.24","0.24"
"exalted-sweep-42","9hq4i1b2","finished","-","tabchen","","2022-09-13T23:16:56.000Z","2120","31xks6k8","32","6","0","0.00002","256","en_deberta_large","model/task1/cv5","1","0.7586","0.7461","0.7468","0.8358","0.8563","0.8386","0","0.2491","0","0","0.3829","0","0","0.1846","0","0.8345940083747722","0.8129652184121995","pred","model/task1/cv5/9ab3f6cf-5ce0-49d7-978d-0235a9b55917/en_deberta_large","1.083694008374772","1.1675652184121996","0.24","0.24"
"fine-sweep-41","1wrbwr4p","finished","-","tabchen","","2022-09-13T22:55:15.000Z","2627","31xks6k8","32","6","0","0.00001","256","en_deberta_large","model/task1/cv5","10","0.7774","0.7777","0.7582","0.8358","0.7972","0.8386","0","0.4172","0","0","0.3317","0","0","0.562","0","0.7782972199823747","0.8034121176628362","pred","model/task1/cv5/b0e69c64-b5f5-4d32-90a4-dfe65e5badf5/en_deberta_large","1.1954972199823746","1.199212117662836","0.27","0.27"
"lunar-sweep-40","lt9lhzb6","finished","-","tabchen","","2022-09-13T22:42:09.000Z","2631","31xks6k8","32","10","0","0.00001","256","en_deberta_large","model/task1/cv5","10","0.791","0.7931","0.7807","0.8358","0.7535","0.8386","0","0.4277","0","0","0.3054","0","0","0.7135","0","0.7452301580089613","0.7745803958177432","pred","model/task1/cv5/271749c5-c4ac-4627-87d5-19994e8be666/en_deberta_large","1.1729301580089613","1.2295803958177431","0.18","0.18"
"vocal-sweep-39","9hq4i1b2","finished","-","tabchen","","2022-09-13T22:27:37.000Z","2954","31xks6k8","32","10","0","0.000001","256","en_deberta_v3_large","model/task1/cv5","4","0.7853","0.7897","0.7811","0.8335","0.7972","0.8401","0.0917","0.4219","0.1445","0.44","0.3339","0.5301","0.0512","0.573","0.0837","0.7856088236478019","0.7996925290254663","pred","model/task1/cv5/27d03f9c-4424-45a0-bd8f-e0d1fadae7e8/en_deberta_v3_large","1.207508823647802","1.2419925290254663","0.28","0.28"
"dulcet-sweep-38","1wrbwr4p","finished","-","tabchen","","2022-09-13T22:11:27.000Z","2620","31xks6k8","32","4","0","0.00002","256","en_deberta_large","model/task1/cv5","1","0.7743","0.7439","0.7501","0.8358","0.8598","0.8398","0.0529","0.2964","0.0679","0.5","0.4213","0.5588","0.0279","0.2287","0.0361","0.8442387746942621","0.8149497994500308","pred","model/task1/cv5/3c84c639-bbdc-4df3-903a-2eaad5b50f00/en_deberta_large","1.140638774694262","1.1657497994500308","0.34","0.34"
"genial-sweep-37","lt9lhzb6","finished","-","tabchen","","2022-09-13T21:50:15.000Z","3110","31xks6k8","32","4","0","0.000001","256","en_deberta_large","model/task1/cv5","2","0.8051","0.7762","0.7722","0.8373","0.8456","0.8422","0.0699","0.3728","0.1229","0.5714","0.3921","0.6","0.0372","0.3554","0.0684","0.8204737708156118","0.8197122450207956","pred","model/task1/cv5/22a4e23c-d468-453d-aba4-5a1aa276f2ec/en_deberta_large","1.1932737708156118","1.2574122450207956","0.23","0.23"
"rural-sweep-36","9hq4i1b2","finished","-","tabchen","","2022-09-13T21:35:33.000Z","3115","31xks6k8","32","6","0","0.000001","256","en_deberta_large","model/task1/cv5","1","0.7912","0.7543","0.7601","0.835","0.8428","0.8419","0.0847","0.305","0.1459","0.4762","0.3553","0.5714","0.0465","0.2672","0.0837","0.8164727994198029","0.7688051042777378","pred","model/task1/cv5/ae019dce-7373-401f-a59b-cfa1dafa2189/en_deberta_large","1.1214727994198028","1.1899051042777378","0.22","0.22"
"laced-sweep-35","1wrbwr4p","finished","-","tabchen","","2022-09-13T21:29:47.000Z","2492","31xks6k8","32","4","0","0.00001","256","en_deberta_v3_large","model/task1/cv5","10","0.7928","0.808","0.784","0.8365","0.8317","0.8422","0.0855","0.4494","0.1138","0.5263","0.3891","0.6111","0.0465","0.5317","0.0627","0.819765309625996","0.8383860564148071","pred","model/task1/cv5/59175b6e-b894-485d-864f-54a06dc39dff/en_deberta_v3_large","1.269165309625996","1.266286056414807","0.25","0.25"
"dulcet-sweep-34","lt9lhzb6","finished","-","tabchen","","2022-09-13T21:06:31.000Z","2616","31xks6k8","32","6","0","0.00001","256","en_deberta_large","model/task1/cv5","1","0.7784","0.77","0.766","0.835","0.8406","0.8389","0","0.3412","0.0113","0","0.3659","0.6","0","0.3196","0.0057","0.8202922599344965","0.7877580893635772","pred","model/task1/cv5/604e9998-b31c-49ed-8c1a-32bb3104c027/en_deberta_large","1.1614922599344966","1.1949580893635772","0.26","0.26"
"peach-sweep-33","9hq4i1b2","finished","-","tabchen","","2022-09-13T20:54:03.000Z","2484","31xks6k8","32","10","0","0.00002","256","en_deberta_v3_large","model/task1/cv5","4","0.7865","0.7832","0.7693","0.8358","0.7983","0.8386","0","0.405","0","0","0.3271","0","0","0.5317","0","0.7887474482542117","0.8196035713903191","pred","model/task1/cv5/8bde3f09-448a-45d9-a0c9-369bf9462f71/en_deberta_v3_large","1.1937474482542116","1.2419035713903193","0.22","0.22"
"morning-sweep-32","1wrbwr4p","finished","-","tabchen","","2022-09-13T20:37:38.000Z","3120","31xks6k8","32","2","0","0.00001","256","en_deberta_large","model/task1/cv5","10","0.7762","0.7522","0.7528","0.8365","0.8026","0.8425","0.1008","0.3854","0.1604","0.5217","0.3222","0.5765","0.0558","0.4793","0.0932","0.7878079857084804","0.8103998282838378","pred","model/task1/cv5/287f49e0-2890-4723-b692-5bb7802fa6d8/en_deberta_large","1.1732079857084805","1.2344998282838378","0.18","0.18"
"light-sweep-31","lt9lhzb6","finished","-","tabchen","","2022-09-13T20:22:45.000Z","2618","31xks6k8","32","4","0","0.000001","256","en_deberta_large","model/task1/cv5","4","0.7993","0.7816","0.7684","0.8365","0.8282","0.8407","0.0183","0.4131","0.0371","0.6667","0.3696","0.7692","0.0093","0.4683","0.019","0.8113883154785599","0.8378134575068522","pred","model/task1/cv5/20b71592-28d9-449e-a584-8d903ada879e/en_deberta_large","1.22448831547856","1.271313457506852","0.27","0.27"
"mild-sweep-30","9hq4i1b2","finished","-","tabchen","","2022-09-13T20:10:07.000Z","2629","31xks6k8","32","4","0","0.00002","256","en_deberta_large","model/task1/cv5","6","0.7519","0.7452","0.7254","0.8358","0.8107","0.8386","0","0.377","0","0","0.3279","0","0","0.4435","0","0.8017183516471448","0.8330213055459637","pred","model/task1/cv5/4ae82240-ca6c-4547-8554-b6701e53ba23/en_deberta_large","1.178718351647145","1.2029213055459635","0.25","0.25"
"distinctive-sweep-29","1wrbwr4p","finished","-","tabchen","","2022-09-13T19:56:03.000Z","2486","31xks6k8","32","6","0","0.00001","256","en_deberta_v3_large","model/task1/cv5","2","0.7909","0.7938","0.7726","0.8365","0.7848","0.8416","0.0273","0.4265","0.0686","0.6","0.3251","0.6786","0.014","0.6198","0.0361","0.7733743987512334","0.7831378975829625","pred","model/task1/cv5/3ddc8f75-24c5-4f44-8186-00084bd2eec4/en_deberta_v3_large","1.1998743987512333","1.2130378975829623","0.23","0.23"
"sleek-sweep-28","lt9lhzb6","finished","-","tabchen","","2022-09-13T19:48:59.000Z","2019","31xks6k8","32","10","0","0.00001","256","en_deberta_v3_large","model/task1/cv5","6","0.7732","0.7739","0.759","0.8358","0.8058","0.8386","0","0.3933","0","0","0.3296","0","0","0.4876","0","0.7880221276795578","0.8334769426982205","pred","model/task1/cv5/bfa428b5-8036-4a6c-9fce-4a9b1ef00310/en_deberta_v3_large","1.1813221276795578","1.2671769426982205","0.19","0.19"
"toasty-sweep-27","9hq4i1b2","finished","-","tabchen","","2022-09-13T19:28:33.000Z","2485","31xks6k8","32","10","0","0.00001","256","en_deberta_v3_large","model/task1/cv5","1","0.7872","0.7762","0.778","0.8365","0.8442","0.8404","0.0273","0.307","0.0441","0.6","0.3606","0.6667","0.014","0.2672","0.0228","0.8258673563796869","0.8025933154806001","pred","model/task1/cv5/406d7bc4-cb13-4f77-878b-d9cb33697594/en_deberta_v3_large","1.132867356379687","1.2147933154806","0.28","0.28"
"toasty-sweep-26","1wrbwr4p","finished","-","tabchen","","2022-09-13T19:20:35.000Z","2120","31xks6k8","32","6","0","0.00002","256","en_deberta_large","model/task1/cv5","2","0.7667","0.7816","0.7545","0.8358","0.7752","0.8386","0","0.4148","0","0","0.3124","0","0","0.6171","0","0.7600507437260232","0.7836586938343119","pred","model/task1/cv5/36cdadf5-0140-41dd-8793-42bde58a17e8/en_deberta_large","1.1748507437260232","1.2232586938343115","0.35","0.35"
"cool-sweep-25","lt9lhzb6","finished","-","tabchen","","2022-09-13T19:07:28.000Z","2484","31xks6k8","32","6","0","0.00002","256","en_deberta_v3_large","model/task1/cv5","1","0.7607","0.7554","0.7593","0.835","0.7841","0.8432","0.027","0.3749","0.0924","0.4286","0.2993","0.7027","0.014","0.5014","0.0494","0.7727243519831726","0.7402595108173182","pred","model/task1/cv5/ba80bd2f-af16-4ef0-8c66-f96c641ce7d0/en_deberta_v3_large","1.1476243519831726","1.1800595108173182","0.19","0.19"
"floral-sweep-24","9hq4i1b2","finished","-","tabchen","","2022-09-13T18:55:03.000Z","2004","31xks6k8","32","10","0","0.00001","256","en_deberta_v3_large","model/task1/cv5","2","0.7866","0.7839","0.7713","0.8358","0.8438","0.8386","0","0.3877","0","0","0.3927","0","0","0.3829","0","0.8242716122066746","0.8006484452262828","pred","model/task1/cv5/b5fbd72d-8e2e-4246-9617-07c4388f77a1/en_deberta_v3_large","1.2119716122066746","1.2217484452262828","0.26","0.26"
"solar-sweep-23","1wrbwr4p","finished","-","tabchen","","2022-09-13T18:20:02.000Z","3626","31xks6k8","32","2","0","0.000001","256","en_deberta_large","model/task1/cv5","10","0.7845","0.778","0.7876","0.8136","0.7933","0.8361","0.3107","0.4113","0.3747","0.3957","0.3253","0.4878","0.2558","0.5592","0.3042","0.7828956206533804","0.825591456675255","pred","model/task1/cv5/037e7af9-d8b4-4de2-a276-1bee8194f655/en_deberta_large","1.1941956206533804","1.283391456675255","0.31","0.31"
"deft-sweep-22","9hq4i1b2","finished","-","tabchen","","2022-09-13T18:11:17.000Z","2618","31xks6k8","32","1","0","0.000005","256","en_deberta_large","model/task1/cv5","2","0.797","0.7986","0.7704","0.8358","0.7812","0.8413","0.0092","0.4247","0.0479","0.5","0.3215","0.7647","0.0047","0.6253","0.0247","0.773023142376454","0.8111047132075782","pred","model/task1/cv5/ba05dcdd-b226-439c-a271-81a7b23eb44f/en_deberta_large","1.197723142376454","1.2323047132075782","0.19","0.19"
"swept-sweep-21","lt9lhzb6","finished","-","tabchen","","2022-09-13T18:02:30.000Z","3889","31xks6k8","32","2","0","0.00002","256","en_deberta_v3_large","model/task1/cv5","10","0.5256","0.5042","0.5011","0.8358","0.8709","0.8386","0","0","0","0","0","0","0","0","0","0.8575060702312525","0.8703580628786693","pred","model/task1/cv5/b2c308ca-fd88-4a1e-a22c-4a9e278a52fa/en_deberta_v3_large","0.8575060702312525","0.8703580628786693","0.55","0.55"
"firm-sweep-20","1wrbwr4p","finished","-","tabchen","","2022-09-13T17:38:46.000Z","2469","31xks6k8","32","2","0","0.000005","256","en_deberta_v3_large","model/task1/cv5","4","0.7883","0.8025","0.7827","0.835","0.8115","0.8392","0","0.4397","0.0113","0","0.3568","0.75","0","0.573","0.0057","0.7973645310116914","0.8279017225387953","pred","model/task1/cv5/10d34a0d-01f1-4a79-9896-ac1975bdc473/en_deberta_v3_large","1.2370645310116912","1.2861017225387954","0.24","0.24"
"smart-sweep-19","9hq4i1b2","finished","-","tabchen","","2022-09-13T17:14:16.000Z","3412","31xks6k8","32","4","0","0.00002","256","en_deberta_v3_large","model/task1/cv5","1","0.6659","0.6191","0.6221","0.8358","0.8709","0.8386","0","0","0","0","0","0","0","0","0","0.8575060702312525","0.8703580628786693","pred","model/task1/cv5/3dbecbd3-eeca-4146-8fb8-1b4ae0a0efe9/en_deberta_v3_large","0.8575060702312525","0.8703580628786693","0.55","0.55"
"daily-sweep-18","lt9lhzb6","finished","-","tabchen","","2022-09-13T17:10:08.000Z","3133","31xks6k8","32","6","0","0.000005","256","en_deberta_large","model/task1/cv5","6","0.7986","0.7801","0.7878","0.8403","0.783","0.8441","0.1606","0.4146","0.2062","0.5882","0.3181","0.5789","0.093","0.595","0.1255","0.7751097780006101","0.8166718294695727","pred","model/task1/cv5/a8fe4ed3-03b8-4050-bb42-2cea3df8b388/en_deberta_large","1.18970977800061","1.2800718294695728","0.22","0.22"
"icy-sweep-17","9hq4i1b2","finished","-","tabchen","","2022-09-13T16:40:40.000Z","2011","31xks6k8","32","2","0","0.00001","256","en_deberta_v3_large","model/task1/cv5","10","0.7793","0.7804","0.7713","0.8358","0.8051","0.8386","0","0.4133","0","0","0.338","0","0","0.5317","0","0.7931610091691378","0.8271237022073191","pred","model/task1/cv5/47723f4a-d9cf-457d-a66b-59c664597e0f/en_deberta_v3_large","1.206461009169138","1.2653237022073192","0.22","0.22"
"comic-sweep-16","1wrbwr4p","finished","-","tabchen","","2022-09-13T16:38:13.000Z","3624","31xks6k8","32","10","0","0.00002","256","en_deberta_large","model/task1/cv5","4","0.6927","0.6246","0.6155","0.8358","0.8709","0.8386","0","0","0","0","0","0","0","0","0","0.8575060702312525","0.8703580628786693","pred","model/task1/cv5/d2d893ed-b5c1-454d-82b5-c30785275fea/en_deberta_large","0.8575060702312525","0.8703580628786693","0.55","0.55"
"lemon-sweep-15","lt9lhzb6","finished","-","tabchen","","2022-09-13T16:28:51.000Z","2472","31xks6k8","32","1","0","0.000005","256","en_deberta_v3_large","model/task1/cv5","2","0.7852","0.7821","0.7722","0.8358","0.7631","0.8386","0","0.4106","0","0","0.3025","0","0","0.6391","0","0.7573302053794921","0.7774118178812494","pred","model/task1/cv5/0ebe28e1-e4b3-46f0-a4ae-243607b374d9/en_deberta_v3_large","1.1679302053794922","1.2260118178812494","0.22","0.22"
"autumn-sweep-14","9hq4i1b2","finished","-","tabchen","","2022-09-13T15:59:13.000Z","2479","31xks6k8","32","1","0","0.000005","256","en_deberta_v3_large","model/task1/cv5","1","0.7894","0.7762","0.77","0.8365","0.8517","0.8392","0.0093","0.3349","0.0076","1","0.3977","1","0.0047","0.2893","0.0038","0.8348404262852752","0.8082705467150421","pred","model/task1/cv5/4fd81163-1fe5-40c2-aacb-1938696d09e8/en_deberta_v3_large","1.169740426285275","1.207070546715042","0.26","0.26"
"wild-sweep-13","1wrbwr4p","finished","-","tabchen","","2022-09-13T15:56:46.000Z","2476","31xks6k8","32","6","0","0.00001","256","en_deberta_v3_large","model/task1/cv5","4","0.8063","0.8043","0.7905","0.8358","0.836","0.8392","0","0.4633","0.0076","0","0.4012","1","0","0.5482","0.0038","0.8232506471106683","0.8272791425349736","pred","model/task1/cv5/e991c3ca-947a-417e-a4fb-78660c3927dc/en_deberta_v3_large","1.2865506471106682","1.2672791425349736","0.26","0.26"
"stellar-sweep-12","lt9lhzb6","finished","-","tabchen","","2022-09-13T15:31:58.000Z","3408","31xks6k8","32","4","0","0.000001","256","en_deberta_v3_large","model/task1/cv5","1","0.7785","0.7741","0.7614","0.8235","0.8634","0.8364","0.1217","0.2615","0.1762","0.3333","0.4331","0.4711","0.0744","0.1873","0.1084","0.8404583250821654","0.776327556251064","pred","model/task1/cv5/41072583-8d06-4dc0-8ed1-f31c06918926/en_deberta_v3_large","1.1019583250821654","1.191527556251064","0.34","0.34"
"silver-sweep-11","1wrbwr4p","finished","-","tabchen","","2022-09-13T15:13:01.000Z","2620","31xks6k8","32","2","0","0.00001","256","en_deberta_large","model/task1/cv5","4","0.79","0.7822","0.751","0.8358","0.794","0.8389","0","0.4062","0.0038","0","0.3235","1","0","0.5455","0.0019","0.7793480704775193","0.807966808572525","pred","model/task1/cv5/3a95ef9a-9b57-4a5d-85fb-c91f348baef3/en_deberta_large","1.1855480704775192","1.2171668085725251","0.27","0.27"
"mild-sweep-10","9hq4i1b2","finished","-","tabchen","","2022-09-13T14:58:40.000Z","3627","31xks6k8","32","10","0","0.000001","256","en_deberta_large","model/task1/cv5","2","0.8052","0.7721","0.7816","0.8335","0.7908","0.8425","0.2585","0.4","0.3001","0.481","0.3177","0.5314","0.1767","0.5399","0.2091","0.772581358326553","0.7983477883207339","pred","model/task1/cv5/3e3d10e1-b4f0-43d5-af1d-919ac73bfc77/en_deberta_large","1.172581358326553","1.266147788320734","0.25","0.25"
"generous-sweep-9","lt9lhzb6","finished","-","tabchen","","2022-09-13T14:31:33.000Z","3618","31xks6k8","32","2","0","0.000001","256","en_deberta_large","model/task1/cv5","10","0.7845","0.778","0.7876","0.8136","0.7933","0.8361","0.3107","0.4113","0.3747","0.3957","0.3253","0.4878","0.2558","0.5592","0.3042","0.7828956206533804","0.825591456675255","pred","model/task1/cv5/a4d12142-e2ef-4e43-8677-2629a983619f/en_deberta_large","1.1941956206533804","1.283391456675255","0.31","0.31"
"eager-sweep-8","9hq4i1b2","finished","-","tabchen","","2022-09-13T14:14:45.000Z","2628","31xks6k8","32","4","0","0.00001","256","en_deberta_large","model/task1/cv5","6","0.7812","0.7958","0.7665","0.8365","0.8353","0.8407","0.0932","0.4191","0.1277","0.5238","0.3848","0.5507","0.0512","0.4601","0.0722","0.8258826590796186","0.8325522821778775","pred","model/task1/cv5/f998dd3a-d88b-4163-a560-9d2b20b1fc33/en_deberta_large","1.2449826590796185","1.2357522821778777","0.23","0.23"
"effortless-sweep-7","1wrbwr4p","finished","-","tabchen","","2022-09-13T14:12:33.000Z","3620","31xks6k8","32","2","0","0.000001","256","en_deberta_large","model/task1/cv5","10","0.7845","0.778","0.7876","0.8136","0.7933","0.8361","0.3107","0.4113","0.3747","0.3957","0.3253","0.4878","0.2558","0.5592","0.3042","0.7828956206533804","0.825591456675255","pred","model/task1/cv5/946c6d85-cd89-4c8b-ac21-e048ab34ae09/en_deberta_large","1.1941956206533804","1.283391456675255","0.31","0.31"
"olive-sweep-6","lt9lhzb6","finished","-","tabchen","","2022-09-13T13:39:20.000Z","3126","31xks6k8","32","2","0","0.000005","256","en_deberta_large","model/task1/cv5","10","0.7822","0.7907","0.7772","0.8388","0.7809","0.8432","0.0622","0.4088","0.1019","0.7","0.3137","0.6744","0.0326","0.5868","0.0551","0.7710634355648488","0.8280105382273505","pred","model/task1/cv5/cb5cdfd2-a4c8-4e43-91dc-16740081f66a/en_deberta_large","1.1798634355648487","1.2834105382273506","0.2","0.2"
"fluent-sweep-5","9hq4i1b2","finished","-","tabchen","","2022-09-13T13:31:02.000Z","2618","31xks6k8","32","1","0","0.000005","256","en_deberta_large","model/task1/cv5","6","0.7965","0.7936","0.7755","0.8358","0.7666","0.8389","0","0.4205","0.0038","0","0.3095","1","0","0.6556","0.0019","0.7622591478475681","0.8068143641777884","pred","model/task1/cv5/9aedbbf8-46e2-4bfd-a491-02cab8b4a450/en_deberta_large","1.182759147847568","1.2429143641777884","0.18","0.18"
"lyric-sweep-4","1wrbwr4p","finished","-","tabchen","","2022-09-13T13:30:59.000Z","2487","31xks6k8","32","10","0","0.000005","256","en_deberta_v3_large","model/task1/cv5","4","0.8039","0.7964","0.7849","0.8296","0.8282","0.8478","0.1255","0.416","0.2102","0.4","0.3707","0.6471","0.0744","0.4738","0.1255","0.8192708308630913","0.8445994722705616","pred","model/task1/cv5/bc8b7562-33c3-4c08-b6da-1d250f797a64/en_deberta_v3_large","1.2352708308630913","1.2635994722705617","0.28","0.28"
"sunny-sweep-2","9hq4i1b2","finished","-","tabchen","","2022-09-13T12:47:03.000Z","2637","31xks6k8","32","4","0","0.000005","256","en_deberta_large","model/task1/cv5","1","0.7899","0.7738","0.7709","0.8335","0.8424","0.8416","0.0439","0.3589","0.0979","0.3846","0.378","0.6087","0.0233","0.3416","0.0532","0.8298490452825185","0.7968041175660292","pred","model/task1/cv5/dd1f9b20-a1bb-41e2-90f1-c38a53e496f2/en_deberta_large","1.1887490452825185","1.219004117566029","0.22","0.22"
"charmed-sweep-1","1wrbwr4p","finished","-","tabchen","","2022-09-13T12:47:03.000Z","2634","31xks6k8","32","2","0","0.000005","256","en_deberta_large","model/task1/cv5","6","0.8029","0.8026","0.7879","0.838","0.8004","0.8404","0.0536","0.4281","0.0476","0.6667","0.3398","0.65","0.0279","0.5785","0.0247","0.7909087693206516","0.8215440547030658","pred","model/task1/cv5/fa094836-81d7-48e1-9726-684921e6bf2e/en_deberta_large","1.2190087693206515","1.2719440547030658","0.22","0.22"
"daily-sweep-3","lt9lhzb6","finished","-","tabchen","","2022-09-13T12:47:03.000Z","3135","31xks6k8","32","6","0","0.000005","256","en_deberta_large","model/task1/cv5","6","0.7986","0.7801","0.7878","0.8403","0.783","0.8441","0.1606","0.4146","0.2062","0.5882","0.3181","0.5789","0.093","0.595","0.1255","0.7751097780006101","0.8166718294695727","pred","model/task1/cv5/ee050a9e-6dcb-4621-be0c-19119a5b2450/en_deberta_large","1.18970977800061","1.2800718294695728","0.22","0.22"